{
  "images": [
    {
      "filename": "appicon_16x16@1x.png",
      "idiom": "mac",
      "size": "16x16",
      "scale": "1x"
    },
    {
      "filename": "appicon_16x16@2x.png",
      "idiom": "mac",
      "size": "16x16",
      "scale": "2x"
    },
    {
      "filename": "appicon_32x32@1x.png",
      "idiom": "mac",
      "size": "32x32",
      "scale": "1x"
    },
    {
      "filename": "appicon_32x32@2x.png",
      "idiom": "mac",
      "size": "32x32",
      "scale": "2x"
    },
    {
      "filename": "appicon_128x128@1x.png",
      "idiom": "mac",
      "size": "128x128",
      "scale": "1x"
    },
    {
      "filename": "appicon_128x128@2x.png",
      "idiom": "mac",
      "size": "128x128",
      "scale": "2x"
    },
    {
      "filename": "appicon_256x256@1x.png",
      "idiom": "mac",
      "size": "256x256",
      "scale": "1x"
    },
    {
      "filename": "appicon_256x256@2x.png",
      "idiom": "mac",
      "size": "256x256",
      "scale": "2x"
    },
    {
      "filename": "appicon_512x512@1x.png",
      "idiom": "mac",
      "size": "512x512",
      "scale": "1x"
    },
    {
      "filename": "appicon_512x512@2x.png",
      "idiom": "mac",
      "size": "512x512",
      "scale": "2x"
    }
  ],
  "info": {
    "version": 1,
    "author": "xcode"
  }
}